{"val_models": ["transformer", "gnn"], "test_models": ["transformer", "gnn"], "val_threshold_f1": 0.7186092598584503, "val_threshold_prec0.90": 0.0, "test_metrics_f1": {"acc": 0.899488926746167, "precision": 0.6309523809523809, "recall": 0.654320987654321, "f1": 0.6424242424242423, "auc": 0.8876689601327282}, "test_metrics_prec0.90": {"acc": 0.13798977853492334, "precision": 0.13798977853492334, "recall": 1.0, "f1": 0.24251497005988024, "auc": 0.8876689601327282}}